<?xml version="1.0" encoding="UTF-8" ?> 
<initParams>
	<reliability>
		<unit value="0" cost="0"/> 
		<unit value=".3" cost="5"/> 
		<unit value=".6" cost="10"/> 
		<unit value="1.2" cost="20"/> 
		<unit value="2.4" cost="30"/> 
		<unit value="4.8" cost="40"/>
	</reliability>
	<nff>
		<unit value="0" cost="0"/>
	 	<unit value="-5" cost="2"/> 
		<unit value="-10" cost="4"/> 
		<unit value="-15" cost="8"/> 
		<unit value="-20" cost="10"/> 
		<unit value="-25" cost="15"/>
	</nff>
	<turnaround>
		<unit value="0" cost="0"/>
		<unit value="-8" cost="2"/>
		<unit value="-16" cost="4"/>
		<unit value="-24" cost="8"/> 
		<unit value="-32" cost="16"/> 
		<unit value="-40" cost="32"/>
	</turnaround> 
	<spares>
		<sparesCost_ea>0.4</sparesCost_ea>
		<leadtime_mths>6</leadtime_mths>
	</spares>
	<currentReliability>15</currentReliability> 				
	<currentNFF>45</currentNFF> 		
	<currentTurnaround>45</currentTurnaround> 
	<currentSpares>120</currentSpares> 
	<currentBudget>17</currentBudget>
	<debug>false</debug>
	<waitTime>10</waitTime>
</initParams>
