<?xml version="1.0" encoding="UTF-8" ?><resultParams><gameID>1234</gameID><iteration>2</iteration><currentReliability>15.6</currentReliability><currentNFF>40</currentNFF><currentTurnaround>5</currentTurnaround><currentSpares>125</currentSpares><currentBudget>19.8</currentBudget><percentFlown>89.2,84.1,86.7,82.4,86.7,85.0,87.1,86.7,89.7,83.9,87.8,84.6,88.5,87.9,90.9,85.6,91.8,88.2,92.7,87.3,91.8,88.2,92.7,85.6</percentFlown><monthTotal>-7.9,-8.1,-8.0,-0.2,0.0,-0.0,0.1,0.0,0.1,-0.1,0.1,-0.0,0.1,0.1,2.5,2.3,2.5,2.4,2.6,2.4,2.5,2.4,2.6,2.3</monthTotal><inAir>9,8,9,8,9,9,9,9</inAir><onGround>1,2,1,2,1,1,1,1</onGround></resultParams>