<?xml version="1.0" encoding="UTF-8" ?><resultParams><gameID>1234</gameID><iteration>3</iteration><currentReliability>15.6</currentReliability><currentNFF>40</currentNFF><currentTurnaround>5</currentTurnaround><currentSpares>127</currentSpares><currentBudget>58.0</currentBudget><percentFlown>90.0,87.3,89.1,89.1,90.9,86.5,90.2,87.5,91.1,85.7,92.9,85.7,92.0,88.4,90.2,89.3,92.0,89.3,92.9,89.3,92.0,86.6,92.9,89.3</percentFlown><monthTotal>1.4,1.3,1.3,1.6,1.7,1.5,1.7,1.5,1.7,1.4,1.7,1.4,1.7,1.6,1.7,1.6,1.7,1.6,1.7,1.6,1.7,1.5,1.7,1.6</monthTotal><inAir>9,9,9,9,9,9,9,9</inAir><onGround>1,1,1,1,1,1,1,1</onGround><averageAvailability>89.6</averageAvailability><costperFH>-30.4</costperFH></resultParams>