<?xml version="1.0" encoding="UTF-8" ?>
<resultParams>
<gameID>1234</gameID>
<iteration>1</iteration>
<currentReliability>15.6</currentReliability>
<currentNFF>40</currentNFF>
<currentTurnaround>21</currentTurnaround>
<currentSpares>125</currentSpares>
<currentBudget>19.1</currentBudget>
<percentFlown>67.3,65.9,67.3,66.6,68.6,67.3,74.5,74.8,79.9,77.5,84.5,82.4,87.5,83.3,85.8,84.1,86.7,83.2,87.5,82.4,86.7,85.8,85.8,82.4</percentFlown>
<monthTotal>-7.5,-7.6,-7.5,-0.2,-0.0,-0.1,0.5,0.6,1.0,0.6,1.5,1.4,1.6,1.5,1.7,1.6,1.7,1.6,1.7,1.5,1.7,1.7,1.7,1.5</monthTotal>
<inAir>7,7,8,8,9,8,9,8</inAir>
<onGround>3,3,2,2,1,2,1,2</onGround>
</resultParams>